id	title	context
1	ccccccccc	cccccccccccc
1594974292.071141	ccccccccc	cccccccccccc
1594974292.071155	ccccccccc	cccccccccccc
1594974292.071159	ccccccccc	cccccccccccc
1594974292.071162	ccccccccc	cccccccccccc
1594974292.071166	aaaaa	aaaaa
1594974292.07117	aaaaa	aaaaa
1594974292.071174	aaaaa	aaaaa
1594974292.071177	aaaaa	aaaaa
1594974292.071181	bbbb	bbbbbbb
1594974292.071185	bbbb	bbbbbbb
1594974292.071188	ddddd	dddddddd
1594974292.071192	ddddd	dddddddd
1594974292.071196	ddddd	dddddddd
1594974292.0712	ddddd	dddddddd
1594975088.51253	ddddd	dddddddd
1594975089.789782	ddddd	dddddddd
1594975096.10438	gawfdddddd	fdfffawdawf
1594975097.705505	gawfdddddd	fdfffawdawf
1594975098.119689	gawfdddddd	fdfffawdawf
1594975098.64697	gawfdddddd	fdfffawdawf
1594976844.431154	gawfdddddd	fdfffawdawf
