id	title	context
1	2	3
2	3	4
4	5	6
1594870589.615858	test_title_1594870589.615858	test_context_1594870589.615858
1594870592.352661	test_title_1594870592.352661	test_context_1594870592.352661
1594870595.316312	test_title_1594870595.316312	test_context_1594870595.316312
1594875618.481674	12334	context
1594875818.1363	12334	context
1594877365.293241	12334	context
1594877372.12658	678678687	9089089089
1594877598.645852	1	2
1594882511.282058	dfgdfgsdfg	cvbncvbn
1594882535.937491	dfgdfgsdfg	cvbncvbn
1594882623.901625	dfgdfgsdfg	cvbncvbn
